{
  "claims": 217,
  "mean_vanilla_coverage": 0.2853551977975941,
  "mean_jfibo_coverage": 0.9748638458315877,
  "mean_jfibo_gain": 0.6895086480339937,
  "by_kind": {
    "CrossShareholdingClaim": {
      "claims": 1,
      "mean_vanilla_coverage": 0.2857142857142857,
      "mean_jfibo_coverage": 1.0,
      "mean_jfibo_gain": 0.7142857142857143
    },
    "MajorShareholderClaim": {
      "claims": 40,
      "mean_vanilla_coverage": 0.36363636363636365,
      "mean_jfibo_coverage": 1.0,
      "mean_jfibo_gain": 0.6363636363636364
    },
    "PolicyShareholding": {
      "claims": 176,
      "mean_vanilla_coverage": 0.26756198347107435,
      "mean_jfibo_coverage": 0.9690082644628099,
      "mean_jfibo_gain": 0.7014462809917356
    }
  }
}