{
  "claims": 223,
  "mean_vanilla_coverage": 0.2799536039446353,
  "mean_jfibo_coverage": 0.9732980024459844,
  "mean_jfibo_gain": 0.6933443985013492,
  "by_kind": {
    "BorrowingsClaim": {
      "claims": 5,
      "mean_vanilla_coverage": 0.08333333333333333,
      "mean_jfibo_coverage": 0.9,
      "mean_jfibo_gain": 0.8166666666666667
    },
    "CommercialPaperClaim": {
      "claims": 1,
      "mean_vanilla_coverage": 0.09090909090909091,
      "mean_jfibo_coverage": 1.0,
      "mean_jfibo_gain": 0.9090909090909091
    },
    "CrossShareholdingClaim": {
      "claims": 1,
      "mean_vanilla_coverage": 0.2857142857142857,
      "mean_jfibo_coverage": 1.0,
      "mean_jfibo_gain": 0.7142857142857143
    },
    "MajorShareholderClaim": {
      "claims": 40,
      "mean_vanilla_coverage": 0.36363636363636365,
      "mean_jfibo_coverage": 1.0,
      "mean_jfibo_gain": 0.6363636363636364
    },
    "PolicyShareholding": {
      "claims": 176,
      "mean_vanilla_coverage": 0.26756198347107435,
      "mean_jfibo_coverage": 0.9690082644628099,
      "mean_jfibo_gain": 0.7014462809917356
    }
  }
}